"Topic 1","Topic 2","Topic 3","Topic 4","Topic 5","Topic 6","Topic 7","Topic 8","Topic 9","Topic 10","Topic 11","Topic 12","Topic 13","Topic 14","Topic 15","Topic 16","Topic 17","Topic 18","Topic 19","Topic 20","Topic 21","Topic 22","Topic 23","Topic 24","Topic 25","Topic 26","Topic 27","Topic 28","Topic 29","Topic 30","Topic 31","Topic 32","Topic 33","Topic 34","Topic 35","Topic 36","Topic 37","Topic 38","Topic 39","Topic 40","Topic 41","Topic 42","Topic 43","Topic 44","Topic 45","Topic 46","Topic 47","Topic 48","Topic 49","Topic 50","Topic 51","Topic 52","Topic 53","Topic 54","Topic 55","Topic 56","Topic 57","Topic 58","Topic 59","Topic 60","Topic 61","Topic 62","Topic 63","Topic 64","Topic 65","Topic 66","Topic 67","Topic 68","Topic 69","Topic 70","Topic 71","Topic 72","Topic 73","Topic 74","Topic 75","Topic 76","Topic 77","Topic 78","Topic 79","Topic 80","Topic 81","Topic 82","Topic 83","Topic 84","Topic 85","Topic 86","Topic 87","Topic 88","Topic 89","Topic 90","Topic 91","Topic 92","Topic 93","Topic 94","Topic 95","Topic 96","Topic 97","Topic 98","Topic 99","Topic 100"
"attack","cook","award","film","court","hotel","one","said","tax","saudi","cancer","energi","valeant","church","israel","rousseff","art","state","state","design","turkey","health","zika","citi","research","food","vote","north","syria","order","one","china","town","game","militari","mexico","new","gold","design","angel","media","skin","play","will","polic","prison","car","compani","british","restaur","cuba","india","player","dog","book","use","pick","weight","smith","black","clinton","build","race","music","well","can","law","nation","job","famili","anim","marijuana","show","gay","music","said","run","war","like","compani","school","compani","volkswagen","women","flight","water","govern","percent","trump","editor","said","photograph","april","day","game","die","bond","space","sea","wine"
"brussel","food","read","movi","judg","travel","seem","report","million","muslim","cell","climat","drug","religi","isra","presid","museum","governor","unit","room","refuge","care","virus","mayor","studi","farm","state","korea","russia","roger","day","chines","land","point","forc","texa","york","disney","fashion","los","post","hair","show","year","offic","charg","driver","bank","european","bar","cuban","indian","team","argentina","write","appl","draft","abort","lee","american","sander","hous","hors","song","run","one","state","africa","worker","children","bird","high","televis","peopl","perform","year","game","jewish","get","busi","student","money","car","men","airport","lead","parti","rate","republican","read","fire","watch","street","green","goal","der","million","light","island","produc"
"pari","recip","cultur","star","justic","beach","like","investig","money","arabia","treatment","chang","price","cathol","palestinian","brazil","work","new","obama","hous","migrant","medic","test","blasio","univers","farmer","voter","south","govern","turner","back","beij","year","team","kill","mexican","citi","murphi","wear","san","facebook","cloud","theater","week","said","case","vehicl","invest","london","open","castro","templ","sport","south","novel","can","year","pound","vietnam","white","mrs","apart","run","album","sleep","like","rule","african","work","mother","tree","colorado","seri","transgend","danc","last","hit","jew","can","year","univers","tax","test","woman","plane","citi","polit","market","cruz","time","peopl","imag","org","scott","play","und","author","moon","philippin","grape"
"french","make","review","director","case","includ","life","offici","pay","islam","andrew","gas","clark","christian","egypt","impeach","artist","cuomo","presid","wall","europ","patient","athlet","organ","peopl","produc","deleg","nuclear","russian","stack","like","hong","citi","play","said","spain","time","colombia","brand","california","social","bag","broadway","last","kill","sentenc","drive","financi","britain","street","havana","tiger","play","sudan","read","app","select","eat","armenian","histori","campaign","home","miller","band","minut","even","govern","countri","labor","father","speci","evan","episod","carolina","work","one","season","german","think","million","colleg","bank","vehicl","sex","airlin","level","elect","year","senat","articl","oil","pictur","may","first","season","ein","haiti","physic","ship","vineyard"
"franc","like","will","direct","suprem","trip","stori","statement","fund","yemen","drug","power","ackman","franci","egyptian","corrupt","paint","york","american","floor","european","drug","mosquito","fund","found","crop","percent","korean","said","button","time","kong","local","season","islam","spanish","brooklyn","farc","dress","william","video","use","music","new","shoot","year","train","fund","union","shop","obama","thailand","leagu","air","writer","comput","first","bodi","veteran","america","polit","citi","time","record","question","mani","right","unit","employ","year","cat","use","season","north","opera","recent","two","japanes","peopl","said","educ","document","unit","girl","passeng","environment","leader","economi","campaign","page","fort","photo","art","golf","first","von","revenu","earth","boat","tast"
"terrorist","eat","critic","play","lawyer","room","feel","offic","debt","arab","call","coal","squar","pope","cairo","vote","exhibit","wage","countri","build","germani","doctor","vaccin","campaign","professor","label","elect","kim","syrian","blackout","just","taiwan","villag","coach","attack","border","island","jungl","collect","francisco","news","ring","perform","month","arrest","court","station","firm","cameron","citi","american","nepal","game","henri","publish","phone","round","diet","azerbaijan","african","support","street","train","play","health","will","requir","mission","union","son","human","crystal","network","right","ballet","becaus","first","japan","just","market","year","panama","therano","sexual","air","test","presid","price","parti","journalist","damag","camera","com","master","team","das","general","wave","australia","flavor"
"belgian","can","event","charact","rule","offer","world","agenc","billion","war","tumor","plant","simpson","faith","secur","brazilian","show","minimum","nation","space","countri","hospit","case","rais","human","product","win","missil","group","loot","first","offici","home","player","state","drug","manhattan","traffick","like","brown","twitter","bodi","product","plan","two","prosecutor","ride","investor","europ","drink","state","delhi","world","pet","author","googl","team","fat","karabakh","racial","senat","develop","derbi","princ","help","make","bill","general","employe","home","park","denver","broadcast","discrimin","dancer","call","pitch","nazi","want","new","high","offshor","cheat","femal","travel","use","countri","econom","donald","editori","area","model","sunday","hole","score","war","new","star","south","fruit"
"polic","chicken","follow","hollywood","decis","can","charact","case","cost","countri","patient","natur","pearson","god","italian","temer","galleri","senat","foreign","garden","greec","peopl","dope","new","new","organ","democrat","said","state","judith","befor","revolut","live","first","group","expert","day","crew","look","moor","onlin","box","hamilton","announc","gun","trial","truck","deal","leav","chef","visit","countri","soccer","argentin","stori","technolog","season","food","penn","divers","berni","new","marathon","sing","everi","onli","feder","western","wage","live","natur","campbel","fox","law","new","now","yanke","poland","don","sale","class","firm","dealer","male","crash","flint","protest","growth","candid","reader","build","face","saturday","round","second","sie","disabl","system","australian","red"
"said","dish","prize","documentari","appeal","guest","word","ani","budget","group","blood","electr","discount","roman","two","senat","new","assembl","iran","open","border","insur","infect","donat","use","agricultur","poll","test","rebel","dash","night","peopl","peopl","basketbal","iraq","agent","park","group","cloth","calif","peopl","eye","actor","next","man","crime","transport","billion","irish","store","miami","thai","match","macri","wrote","data","receiv","drink","brien","john","democrat","estat","runner","perform","expert","much","protect","republ","trade","parent","wildlif","dear","comedi","bathroom","compani","want","met","world","say","product","teacher","paper","mitsubishi","gender","fli","air","power","oil","presidenti","stori","offici","look","center","play","island","den","secur","planet","fish","region"
"bomb","tast","work","actor","hear","tour","love","comment","govern","gulf","bone","fuel","pharmaceut","vatican","itali","parti","collect","libya","world","two","german","diseas","olymp","group","scienc","milk","primari","weapon","war","super","look","cultur","communiti","second","offici","antonio","queen","colombian","new","davi","messag","like","stage","day","citi","convict","bus","manag","ireland","place","presid","bangkok","year","bueno","work","devic","play","loss","levinson","nation","hillari","neighborhood","record","singer","parent","may","new","intern","class","die","lion","legal","night","gender","compos","group","inning","germani","know","execut","graduat","leak","model","say","aircraft","resid","minist","report","polit","news","earthquak","taken","free","shot","two","sich","oblig","univers","coast","great"
"secur","dinner","foundat","festiv","garland","night","even","question","year","kingdom","grace","global","patent","rome","say","silva","piec","gov","washington","architect","turkish","pain","world","public","scientist","mill","won","launch","fight","amanda","even","govern","site","win","milit","jos","today","rebel","show","name","websit","well","role","time","shot","lawyer","line","share","referendum","food","unit","singh","fan","ethiopia","first","system","player","day","duncan","king","york","real","kentucki","rock","week","way","legisl","council","factori","daughter","wild","nelson","viewer","sex","orchestra","like","basebal","memori","thing","industri","program","financi","diesel","rape","pilot","drink","nation","increas","support","newspap","citi","captur","avenu","two","playoff","ich","lynch","launch","water","made"
"peopl","restaur","year","screen","legal","book","self","accord","plan","bangladesh","mutat","year","cochran","priest","arab","congress","includ","silver","secur","squar","union","center","health","york","work","whole","candid","offici","forc","ana","two","foreign","area","warrior","soldier","madrid","see","mine","shirt","michael","live","color","cast","expect","year","crimin","safeti","stock","prime","beer","relat","monk","cup","kirchner","reader","softwar","last","alcohol","former","johnson","new","properti","won","like","advic","now","legal","kenya","pay","life","fish","cannabi","final","issu","stage","month","team","soviet","one","like","test","account","engin","man","land","health","support","quarter","democrat","public","oper","photographi","museum","spieth","period","que","deaf","time","dutert","bottl"
"belgium","one","live","stori","law","resort","also","public","financi","kill","gene","world","persh","religion","jerusalem","scandal","sculptur","democrat","deal","built","peopl","treatment","countri","donor","find","harvest","contest","rang","say","horn","hour","mao","place","final","armi","state","east","guerrilla","style","cohen","site","look","star","befor","depart","former","road","execut","khan","serv","island","hindu","club","machar","fiction","iphon","top","sugar","armenia","civil","news","two","finish","pop","time","new","allow","ban","econom","old","eleph","pot","watch","ident","program","work","last","anti","make","servic","parent","law","scandal","young","helicopt","chemic","right","expect","nomin","writer","sand","shot","friday","three","three","sagt","competit","friedman","navi","best"
"suspect","good","come","filmmak","presid","tourist","man","inform","payment","houthi","diseas","carbon","generic","pastor","west","former","one","albani","administr","light","deal","clinic","russian","peopl","brain","sock","among","congress","talk","marti","around","communist","mani","score","afghanistan","disappear","bronx","arm","piec","vega","public","face","new","two","violenc","judg","bike","board","queen","like","chang","coupl","footbal","dure","life","also","quarterback","lose","nagorno","histor","primari","rent","win","jazz","exercis","still","group","south","busi","brother","whale","alex","joke","marriag","director","mani","start","dure","becaus","start","campus","countri","compani","equal","say","bottl","opposit","last","elect","write","canadian","cover","new","year","ranger","dass","morgan","nasa","indonesia","make"
"islam","meal","won","role","lawsuit","guid","sens","also","cut","intern","treat","emiss","account","conserv","ministri","hous","contemporari","long","war","includ","greek","plan","myanmar","money","group","natur","ballot","countri","kill","iex","hand","parti","one","shot","secur","juan","like","peac","jewelri","las","internet","product","shakespear","first","death","death","uber","busi","england","coffe","countri","sri","win","juba","new","inform","two","diabet","becam","race","presid","one","world","releas","can","seem","act","peacekeep","american","child","year","pack","produc","use","piec","sinc","home","berlin","work","custom","public","world","emiss","feminist","drone","offici","year","low","nomine","publish","report","featur","theater","cours","seri","nicht","week","conscious","claim","age"
"airport","serv","honor","scene","constitut","stay","becom","told","incom","govern","trial","environment","acquir","holi","gaza","lower","curat","leader","will","foot","camp","program","diseas","board","institut","plant","republican","state","moscow","fico","get","ministri","resid","seed","govern","panel","jersey","messag","color","bay","user","nail","act","take","peopl","arrest","traffic","capit","labour","new","fidel","buddhist","top","return","page","like","jet","health","nicknam","first","first","bedroom","mile","show","affect","just","propos","congo","hire","young","hunt","harri","host","base","concert","interview","three","histori","realli","sell","degre","intern","fuel","boy","crew","state","critic","month","presid","journal","mcmurray","movement","road","tour","round","des","capit","sky","vessel","select"
"state","egg","news","also","suit","free","onli","accus","spend","led","thyroid","state","channel","marriag","right","investig","like","hour","meet","furnitur","asylum","year","spread","million","like","feed","race","seoul","area","quonset","walk","countri","now","curri","command","spear","event","collazo","creativ","diego","report","natur","audienc","may","murder","defend","mile","sharehold","david","local","peopl","new","unit","human","written","screen","sign","calori","sanduski","name","candid","squar","two","sound","latest","chang","depart","secur","hour","friend","nest","recreat","last","public","met","part","field","polish","way","price","children","corrupt","nissan","club","author","problem","parliament","fell","kasich","column","canada","tag","main","back","win","sein","america","mar","pacif","may"
"terror","flavor","includ","time","feder","day","end","includ","bank","emir","genet","mine","darden","bishop","militari","charg","object","republican","secretari","architectur","arriv","medicin","born","homeless","data","cow","support","militari","assad","tide","took","provinc","centuri","two","oper","houston","ticket","iger","store","counti","person","beauti","open","end","video","justic","system","chief","june","owner","trip","also","open","region","poem","help","bowl","soda","corp","centuri","debat","live","track","musician","practic","becaus","includ","member","middl","wife","conserv","extract","audienc","lesbian","theater","peopl","leagu","camp","time","consum","teach","million","holm","prostitut","oper","pollut","reform","polici","conserv","war","collaps","pose","march","last","last","yasser","market","scienc","ocean","year"
"suicid","made","jone","featur","right","two","much","ask","puerto","moham","lung","warm","practic","jesus","bank","govern","made","budget","militari","glass","syrian","use","control","effort","also","grow","result","year","fire","hang","head","news","river","four","bomb","dump","yorker","cocain","made","seattl","instagram","plastic","toni","meet","crime","jail","recal","corpor","minist","cafe","communist","tradit","coach","two","review","search","footbal","lower","nguyen","peopl","come","resid","second","one","test","need","say","zuma","benefit","husband","around","juic","cabl","state","movement","dure","third","rabbi","veri","last","state","name","use","social","termin","suppli","peopl","global","convent","world","saturday","portrait","noon","final","third","est","haitian","sun","port","fresh"
"kill","meat","stori","allen","chief","destin","yet","author","dollar","religi","warburg","countri","old","document","netanyahu","polit","auction","uniti","offici","wood","erdogan","need","pregnant","communiti","develop","make","parti","unit","opposit","ramo","came","say","near","tournament","troop","intern","free","stagg","suit","jerri","digit","line","direct","said","investig","state","ford","hedg","say","cocktail","travel","visit","first","bring","literari","get","defens","peopl","paterno","polit","draft","unit","trainer","also","mind","might","use","central","help","sister","live","press","cbs","mccrori","product","sever","play","hiroshima","see","chief","learn","busi","porsch","assault","aviat","system","prime","trade","ted","wrote","quak","stern","galleri","made","minut","deutschland","port","dark","sail","valley"
"abdeslam","sweet","figur","studio","district","mountain","whose","depart","credit","region","remov","industri","nicol","famili","group","offic","centuri","speaker","intern","ceil","immigr","can","state","administr","age","use","like","parti","putin","chao","still","mainland","old","confer","taliban","rez","start","agre","line","boston","platform","appreci","along","continu","forc","feder","engin","asset","member","neighborhood","cruis","royal","tournament","fernandez","poet","mobil","trade","low","ethnic","bill","need","east","cours","guitar","child","time","polici","morocco","manufactur","boy","can","plant","channel","busi","hall","veri","base","holocaust","good","offer","grade","minist","motor","marriag","board","clean","call","lower","hous","magazin","evacu","selfi","thursday","par","point","mit","merril","quantum","crew","singl"
"two","fri","time","produc","file","servic","set","claim","loan","qaeda","grow","temperatur","tie","orthodox","forc","dilma","draw","tuesday","polici","kitchen","back","death","offici","offici","one","genet","tuesday","sanction","citi","juli","told","shanghai","world","lead","iraqi","general","can","rival","model","initi","photo","pierc","produc","includ","charg","guilti","passeng","advis","bloc","old","dominican","modi","nation","decemb","memoir","user","offens","gain","agent","presid","back","manhattan","jockey","includ","relationship","less","nation","nairobi","mani","two","popul","connor","charact","anti","audienc","still","left","bomb","someth","will","studi","launder","back","victim","hijack","plant","sinc","bank","ryan","sourc","resid","sherman","tuesday","hit","coach","einem","month","mission","mile","flower"
"arrest","chef","lead","seri","redston","cruis","emot","news","financ","coalit","immun","oil","sprout","prayer","regeni","support","display","rais","visit","tabl","visa","mental","sampl","council","publish","dairi","will","ballist","aleppo","attribut","way","jinp","project","round","fight","san","side","hand","shoe","heal","friend","keep","also","come","suspect","juri","transit","wall","campaign","recent","govern","press","stadium","shelter","literatur","open","tackl","exercis","vietnames","right","elect","park","pitsiladi","concert","find","problem","pass","secretari","industri","death","forest","grow","nbc","last","choreograph","ago","manag","semit","look","oper","harvard","inform","admit","punish","hour","wast","public","declin","primari","new","mile","take","monday","win","shot","auf","four","station","say","new"
"author","green","websit","comic","order","one","way","time","state","year","known","project","wednesday","moral","hama","suspend","modern","tripoli","leader","also","merkel","addict","outbreak","shelter","life","grain","major","pyongyang","held","deliber","onli","wang","road","state","fighter","patrol","center","long","also","santa","tweet","makeup","best","thursday","old","attorney","highway","money","bbc","club","tuesday","firework","champion","hess","time","smartphon","ohio","obes","hanoi","kennedi","time","month","athlet","artist","breast","ani","regul","kenyan","make","one","bear","nebraska","podcast","conserv","play","also","bat","victim","lot","includ","academ","set","equip","right","found","contamin","member","gain","nation","paper","home","swap","june","four","hockey","hatt","refinanc","look","said","franc"
"europ","use","comment","comedi","robert","tourism","power","last","rico","qatar","type","level","michael","teach","kill","trial","creat","andrew","america","live","return","problem","suu","support","differ","made","even","jong","peac","northeastern","next","chen","mile","three","war","citi","ferri","tape","gold","willi","follow","one","reviv","monday","fire","offic","speed","financ","vote","com","open","pakistan","last","nuer","essay","program","scout","healthi","known","cultur","presidenti","million","place","voic","motiv","also","issu","human","peopl","later","protect","platt","star","support","graham","come","five","later","feel","billion","communiti","prime","owner","date","transport","agenc","rule","first","voter","report","least","magazin","perform","event","pittsburgh","aus","three","surfac","manila","wineri"
"one","sauc","break","releas","action","base","though","made","account","king","caus","reduc","bailey","mass","jewish","rio","york","citi","say","window","minist","ill","intern","contribut","experi","cattl","white","report","report","patten","later","zhang","famili","minut","afghan","lui","morn","drug","fabric","dyer","account","aljahmi","director","start","say","inmat","rider","trade","johnson","offer","run","lanka","athlet","latin","jane","window","state","parenthood","azerbaijani","lincoln","issu","space","one","tour","popular","differ","chang","region","economi","work","egg","substanc","fan","week","first","director","second","survivor","now","buy","district","fonseca","fine","found","carrier","public","democraci","data","run","philosophi","disast","case","children","week","four","dem","facil","gravit","indonesian","come"
"tuesday","cake","interview","entertain","confirm","site","make","letter","percent","yemeni","respons","unit","rais","order","protest","worker","open","control","agreement","interior","migrat","percent","kyi","local","result","cereal","point","develop","ukrain","confirm","turn","control","west","seri","american","cartel","staten","illeg","inspir","southern","celebr","tattoo","actress","hope","author","one","motor","regul","membership","now","revolut","minist","titl","ethiopian","world","may","second","amount","vet","live","also","move","first","produc","get","long","ban","abus","good","time","creatur","mari","appear","general","three","onli","ball","becam","talk","make","institut","say","result","mani","jet","high","former","rose","rubio","blog","town","omega","wednesday","second","lead","ber","district","hole","sydney","differ"
"man","cream","report","includ","argument","vacat","human","general","program","state","transplant","weather","fourth","meet","interior","accus","world","upstat","power","door","right","provid","drug","focus","effect","engin","district","recent","peopl","peg","room","group","park","ball","citi","near","live","lida","director","becam","share","appli","york","sinc","chicago","releas","stop","partner","dutch","tabl","arriv","asia","fifa","uganda","librari","digit","pass","label","defens","slave","ani","avenu","winner","hit","may","often","hous","world","forc","age","may","possess","kelli","charlott","season","help","one","hitler","much","also","career","base","automak","behavior","seat","safeti","corrupt","averag","john","print","burn","swiss","music","lopez","time","les","monday","one","sailor","vine"
"explos","kitchen","winner","drama","wrote","com","person","request","feder","iran","surviv","renew","bryan","confer","foreign","vice","cultur","major","trade","chair","crisi","treat","posit","democrat","time","corn","counti","leader","ceas","dorveill","call","red","nation","half","wound","tortur","host","camp","leather","czech","comment","also","drama","now","gang","defens","subway","interest","countri","name","old","tamil","time","mugab","illustr","call","posit","lost","erupt","among","say","area","odd","blue","tip","far","congress","independ","countri","told","monkey","smoke","program","equal","open","befor","pitcher","communist","ask","percent","professor","iceland","affect","like","boe","caus","constitut","higher","win","tribun","alberta","among","work","world","final","mir","issu","astronom","two","soil"
"friday","bake","festiv","part","argu","point","kind","interview","return","dubai","use","rise","papa","call","soldier","take","present","skelo","effort","area","deport","mani","ban","aid","can","drought","victori","say","conflict","emphasi","now","one","build","guard","civilian","salvador","street","thoma","pair","lesli","publish","lip","night","begin","chief","prosecut","taxi","lend","remain","french","privat","enter","olymp","tango","like","microsoft","ram","nutrit","day","societi","day","three","sport","earli","workout","take","unit","ivori","steel","born","sea","weed","like","bill","present","time","major","die","come","time","board","shell","mileag","partner","part","recycl","mani","fed","bush","chang","emerg","mapplethorp","group","palmer","won","eisen","rate","orbit","disput","estat"
"also","bread","much","cast","opinion","hour","anoth","releas","save","bin","system","say","ture","paul","attack","countri","collector","libyan","forc","three","leader","caus","first","hall","show","store","pennsylvania","japan","islam","whiteley","man","xinhua","part","playoff","pakistan","rock","happen","peru","creat","six","time","second","american","also","dead","abus","crash","two","nation","custom","basebal","chant","event","mauricio","novelist","virtual","yard","heart","heavi","racism","secretari","foot","point","listen","home","point","measur","mali","paid","day","hunter","glass","abc","georgia","ensembl","becom","four","today","tri","cost","senior","haven","japan","titl","norwegian","qualiti","politician","stock","immigr","york","caus","freeman","exhibit","finish","penguin","wie","tex","field","territori","good"
"last","roast","interest","made","challeng","around","turn","whether","fee","claim","breast","solar","schiller","evangel","tortur","petrobra","also","back","also","one","reach","nurs","russia","oper","paper","small","wisconsin","long","side","amid","anoth","tie","across","spur","base","torr","long","gang","black","join","appear","societi","includ","wednesday","street","face","rail","exchang","independ","glass","bay","mumbai","won","puppi","collect","access","end","normal","chi","univers","vermont","price","colt","lyric","fit","question","system","somalia","manag","love","discov","teenag","comedian","restroom","two","began","singl","visit","will","one","applic","mossack","auto","comment","time","safe","activist","rise","race","review","firefight","keith","member","nine","year","nach","financ","laser","turnbul","found"
"syria","rice","devot","wrote","arbitr","visit","young","former","need","shiit","form","heat","addyi","spiritu","day","paulo","studio","polit","hous","white","offici","surgeri","babi","depart","call","field","lead","secur","back","belong","made","guard","built","big","peopl","bull","will","walt","jacket","known","wrote","can","award","schedul","crimin","evid","electr","valu","trade","west","congress","romania","tenni","thousand","titl","internet","brown","beverag","claim","wilson","know","brooklyn","champion","roll","activ","year","administr","burundi","leav","never","endang","seri","sunday","sexual","symphoni","even","score","east","take","develop","attend","investig","german","discuss","debri","protect","demonstr","said","leader","cover","rescu","ken","show","jason","forward","ihr","six","horizon","reef","grow"
"bomber","fresh","coverag","appear","obama","get","mind","work","benefit","islamist","individu","clean","valueact","made","five","face","project","legislatur","defens","view","seeker","help","ebola","one","includ","ingredi","well","conduct","control","carmen","away","alibaba","around","one","month","countri","report","member","red","quit","day","boxer","shuffl","still","wit","befor","wheel","transact","stay","avenu","embargo","rupe","three","feb","age","android","giant","type","decid","made","part","construct","also","hip","live","use","approv","disput","unemploy","girl","habitat","worri","hbo","social","premier","week","player","ghetto","got","technolog","take","use","sold","group","carri","includ","anti","countri","committe","daili","near","thin","univers","swing","sinc","rzt","princ","theori","southern","miner"
"european","chees","start","first","plaintiff","person","beauti","say","public","oil","medicin","sourc","pharmaci","rev","sisi","say","space","deal","nuclear","small","last","prevent","sport","nonprofit","author","commerci","nomin","friday","beirut","atlanta","left","asia","countri","quarter","target","miss","look","revolutionari","diamond","fuller","use","treatment","west","move","victim","district","accid","goldman","exit","menu","speech","kathmandu","two","press","paul","set","career","consum","upon","adam","provid","buyer","hour","night","eye","yet","also","sahara","social","marri","branch","prom","live","protect","sound","three","right","tokyo","never","deal","enrol","report","thursday","themselv","intern","plastic","liber","economist","former","edit","thursday","timepiec","librari","major","regular","qraluq","least","ocean","told","spring"
"intellig","veget","run","love","say","line","begin","involv","can","east","stem","degre","kardashian","invit","sissi","lula","fair","increas","iranian","feet","istanbul","physician","aung","counti","help","consum","indiana","rocket","geneva","caravaggio","year","state","region","night","baghdad","town","weekend","sumter","label","monica","content","bell","set","alreadi","one","serv","model","street","brexit","former","befor","ban","championship","barbieri","poetri","connect","fourth","maintain","loss","historian","race","owner","three","first","measur","doe","enforc","staff","skill","school","size","ann","time","orient","part","member","seri","rosenberg","didn","profit","young","global","japanes","harass","piec","crisi","face","sinc","endors","discuss","kill","warren","east","start","ice","viel","well","ice","guard","though"
"found","fish","world","man","claim","luxuri","imagin","record","rate","sunni","rat","develop","marcia","welcom","settlement","proceed","histori","seem","talk","larg","cross","opioid","agenc","bloomberg","project","grown","close","program","includ","lamela","come","author","popul","shoot","unit","guzman","check","deal","celebr","oakland","network","sensit","love","long","case","victim","buse","merger","whether","hotel","latin","tuesday","final","hug","seri","free","one","satur","barron","born","applaus","project","start","danc","ask","becom","sign","statement","strike","babi","known","juicero","espn","sign","classic","use","six","first","alway","base","recruit","public","carmak","often","wait","tap","independ","point","state","sometim","sunday","fair","west","one","player","beilhack","bank","observ","also","also"
"group","chocol","open","oscar","said","climb","play","week","paid","serb","case","scientist","perrigo","ani","sinc","politician","photograph","two","negoti","home","island","month","emerg","help","journal","local","number","use","militari","lin","ask","asian","center","left","provinc","hondura","subway","forest","includ","hollywood","show","sun","run","friday","three","also","auto","equiti","conserv","also","florida","cambridg","one","sudanes","word","make","colleg","less","genocid","slaveri","coverag","floor","year","fan","children","reason","becaus","camp","free","becam","pet","rubin","entertain","governor","artist","long","allow","stalin","need","now","mani","transpar","softwar","violenc","airplan","exposur","say","result","hillari","issu","worker","sidib","south","watson","cup","deutsch","counti","natur","oper","malt"
"say","grill","contest","best","consid","member","often","issu","bill","kuwait","chemotherapi","use","shapiro","belief","arrest","graft","instal","lawmak","white","well","chancellor","risk","unit","center","activ","modifi","virginia","defens","two","mark","everi","tibetan","south","record","also","unit","met","tie","year","berggruen","fan","dri","nomin","remain","protest","punish","metro","offer","rise","spirit","monday","palac","citi","darfur","chapter","secur","retir","level","zink","thoma","get","tenant","onli","beyonc","exclus","well","provid","genocid","contract","name","plant","cold","new","statement","piano","two","befor","surviv","right","plan","admiss","corpor","control","relationship","near","say","includ","drop","polici","inform","injur","dial","direct","augusta","power","einen","piper","life","men","valu"
"brother","hot","million","theater","senat","american","moment","file","help","serbia","resist","generat","gilead","christ","island","alleg","year","eastern","peac","origin","human","prescript","caus","committe","evid","peanut","onli","system","negoti","midnight","take","western","state","made","two","gonzalez","close","organ","wore","parker","critic","gym","make","tuesday","found","accus","can","million","also","spot","tourist","villag","befor","dictatorship","charact","new","best","ounc","lindsay","movement","bill","accord","fast","just","email","import","call","thursday","lower","help","extinct","organ","execut","cancel","role","hope","doubl","west","tell","accord","kid","media","line","issu","miss","district","econom","earn","call","includ","north","ndchen","appoint","lead","made","einer","dure","billion","maritim","almost"
"nov","ingredi","director","cinema","settlement","rate","call","call","revenu","includ","growth","nation","philidor","open","journalist","expect","first","repres","help","four","say","medicar","birth","two","might","process","far","rule","civilian","millic","old","report","remain","assist","strike","garcia","high","paramilitari","luxuri","toler","name","form","featur","make","incid","order","track","privat","elizabeth","includ","carniv","narendra","season","kiir","best","machin","also","follow","observ","racist","send","market","top","new","content","anoth","make","resolut","local","found","big","joshua","late","mississippi","score","day","walk","europ","start","brand","yale","avoid","method","subject","don","well","movement","march","say","front","center","right","paint","just","victori","syrer","develop","musk","asia","bordeaux"
"march","breakfast","polici","audienc","vote","three","take","alleg","amount","salman","cure","wind","alexand","believ","peac","will","print","bentley","includ","use","travel","condit","rodchenkov","give","expert","anim","cast","also","damascus","nick","start","suspect","still","miss","say","four","good","latin","wed","jump","advertis","depend","adapt","leav","last","five","takata","yahoo","corbyn","work","republ","william","leicest","museveni","copi","servic","agent","consumpt","rake","color","throughout","west","crown","radio","know","mean","author","front","high","hous","feather","rizzo","netflix","religi","sing","old","throw","thousand","happen","amazon","appli","delawar","troubl","marri","delta","pipe","campaign","inflat","washington","interest","two","display","rock","stroke","assist","con","kiki","detect","submarin","premier"
"investig","butter","sweden","televis","immigr","suit","can","email","get","world","follow","will","enhanc","messag","abdel","scheme","institut","propos","middl","bedroom","ankara","take","san","servic","report","kalin","margin","capabl","front","reviv","end","taiwanes","hous","year","area","event","email","march","men","tom","feed","pinney","walker","april","call","time","automak","big","briton","busi","connect","april","onli","taken","john","onlin","wide","three","independ","martin","peopl","offic","speed","star","medit","get","must","somali","import","relat","surviv","impair","end","just","set","among","rodriguez","warsaw","even","retail","middl","transfer","execut","teenag","one","found","led","financi","governor","respons","work","snap","edu","mcilroy","blue","hatten","miss","mile","marin","dickinson"
"identifi","day","swedish","actress","execut","may","littl","appear","receiv","ali","two","atmospher","came","cross","abu","rule","known","includ","kerri","set","tri","home","blood","member","risk","lawn","two","threat","palmyra","spread","went","visit","mountain","just","year","human","via","locascio","make","alexand","attent","pretor","origin","step","dure","unit","servic","year","pound","known","histor","display","men","inaugur","biographi","electron","sam","contest","serv","roosevelt","like","list","stake","baker","follow","veri","peopl","call","increas","three","dinosaur","mind","stand","coupl","also","though","homer","resist","well","sold","percent","wealth","recal","fratern","line","can","left","recent","paul","coverag","death","self","hudson","birdi","confer","mich","global","telescop","navig","qualiti"
"station","menu","depart","set","appoint","take","find","secur","cash","mosqu","leukemia","greenhous","kareem","easter","author","cunha","director","alabama","alli","color","thousand","state","brazil","elect","first","seed","one","arm","attack","arson","arriv","relat","forest","befor","arm","say","use","bogota","beauti","chariti","press","circl","two","yet","right","plead","trip","also","befor","locat","announc","kate","competit","brought","narrat","communic","overal","juic","taken","franklin","wall","york","next","group","sign","think","public","respons","minimum","call","nativ","perkin","news","face","includ","known","win","establish","kind","pay","offer","asset","regul","cultur","record","home","major","central","general","media","power","watchmak","park","club","night","waren","schedul","astronaut","region","complex"
"dead","salt","annual","david","circuit","program","real","receiv","expens","princ","sharon","technolog","pile","father","mubarak","oil","color","council","econom","dine","berlin","control","prevent","serv","live","suppli","show","call","lebanon","associ","began","detain","visit","defens","last","traffick","post","now","white","hope","youtub","glove","well","decis","die","dure","citi","client","newspap","star","hour","cancel","fight","domest","magazin","compani","manag","stop","minh","communiti","convers","open","pace","last","emot","exampl","commiss","coloni","construct","return","head","lisa","talk","civil","soprano","took","time","apolog","whi","recent","associ","link","make","bodi","aboard","risk","social","index","like","topic","govern","hudson","juli","cut","left","ist","fla","anthropocen","near","cru"
"victim","littl","art","script","scalia","world","scene","one","propos","attack","dan","drill","restat","tradit","upris","run","visitor","legisl","region","centuri","agreement","effect","month","control","involv","wheat","favor","news","presid","drag","long","media","much","rebound","member","fenc","reach","stacc","coat","aaron","page","blur","william","four","men","verdict","get","sell","mayor","even","ray","kobborg","rank","famin","critic","encrypt","leagu","effect","dung","found","ralli","leas","american","track","place","whi","limit","follow","care","kid","parrot","seizur","comic","ordin","center","organ","career","told","back","invest","experi","illeg","cost","respect","southern","elev","vote","product","ralli","organ","ecuador","budweis","american","includ","save","seiner","ohio","big","davao","includ"
"offici","slice","nation","batman","issu","also","write","document","pension","riyadh","diagnosi","fire","ron","bibl","minist","coup","dealer","former","global","renov","group","cigarett","immun","bill","suggest","machin","ohio","analyst","civil","ritual","side","rule","along","time","capit","septemb","take","santo","women","berkeley","popular","cream","design","june","report","murder","commut","acquir","will","wine","raul","seven","manchest","copping","includ","card","bradi","fetal","involv","generat","analysi","landlord","gray","love","stand","larg","restrict","moon","lose","first","kill","harm","radio","allow","conduct","whose","girardi","centuri","differ","increas","gap","associ","fix","societi","check","radiat","will","level","befor","great","magnitud","complic","comedi","nation","home","doch","bill","dure","naval","rare"
"minist","beef","twitter","version","cosbi","visitor","someth","govern","problem","karadz","embryo","pari","step","secular","human","fujimori","look","ethic","cooper","year","condit","becaus","program","feder","colleagu","pump","survey","park","week","royalti","didn","secur","nearbi","oklahoma","air","across","throughout","control","someth","hampton","televis","groom","miranda","return","involv","month","author","stake","royal","bartend","revolutionari","king","profession","sonja","one","batteri","patriot","pregnanc","baku","decad","fast","neighbor","four","tune","best","come","support","group","earn","learn","million","anarchist","scene","employ","like","describ","collin","atom","let","becom","help","one","laboratori","ladi","websit","sampl","also","number","reagan","seri","day","rolex","hall","champion","capit","einig","calif","explor","patrol","syrah"
"prosecutor","salad","announc","anim","judici","mile","onc","sever","interest","minor","tissu","caus","stuf","statu","later","compani","featur","monday","sanction","side","austria","coverag","urin","project","scientif","grass","california","believ","also","sandov","morn","deport","small","golden","insurg","honduran","follow","federico","shop","charl","featur","nose","charact","set","bodi","man","honda","acquisit","former","night","normal","massiv","madrid","fern","jame","privaci","high","rest","broke","minor","today","sale","perform","note","much","least","offici","assembl","low","person","like","number","drama","group","voic","move","seven","passov","put","big","columbia","news","light","treat","number","tunnel","democrat","export","white","letter","plant","insid","north","wood","puck","para","colo","human","base","california"
"befor","pork","book","base","refus","local","languag","complaint","borrow","nation","sequenc","part","merck","cathedr","brotherhood","nation","american","adam","told","high","number","blood","week","also","earli","limit","count","carri","eastern","turquin","wait","websit","hill","won","claim","languag","yes","monday","tradit","david","blog","brown","playwright","six","detect","detaine","sport","market","dublin","cultur","medina","romanian","sinc","besigy","subject","work","three","recommend","georgia","war","comprehens","stori","ran","drum","doe","better","member","former","left","older","onli","unlik","week","local","chorus","refer","hitter","venic","great","competit","famili","center","tokyo","told","saturday","michigan","crisi","analyst","america","care","facil","philipp","jazz","bogey","befor","dies","herb","rocket","malaysia","drink"
"three","top","grant","critic","whether","use","might","befor","crisi","ahm","therapi","sustain","statement","servic","rome","cabinet","form","dean","diplomat","suit","told","alzheim","epidem","chariti","learn","contain","remain","intern","unit","wednesday","seem","global","main","last","explos","local","river","pueblo","worn","entertain","journalist","moistur","titl","close","enforc","found","back","industri","scotland","friend","mart","bucharest","england","stray","translat","one","ferguson","later","glazer","robinson","obama","offer","tripl","solo","bit","clear","effort","war","retir","woman","tail","kleiner","air","pass","creat","consid","spring","honor","littl","revenu","dean","owner","pollut","abort","cyprus","poison","popular","also","obama","anonym","south","brian","hartford","third","overtim","kamm","public","abov","aquino","yet"
"radic","pepper","multimedia","robert","act","popular","narrat","month","congress","religion","common","produc","tuesday","liber","releas","janeiro","imag","leav","offic","structur","angela","heart","use","spend","test","packag","elector","may","hezbollah","deserv","near","concern","ancient","court","suicid","podemo","borough","talk","jean","whole","way","clean","anderson","summer","attack","commit","airbag","former","franc","brew","near","foton","chess","heard","harrison","game","third","metabol","left","washington","attack","buy","third","instrument","deliv","though","mani","franc","sector","mani","save","lsd","throne","pat","even","came","lead","remain","doesn","founder","faculti","call","turn","accord","caus","sinc","coalit","reserv","gov","fact","tuesday","mechan","haven","five","defenseman","migranten","corpor","known","shore","york"
"told","bowl","stockholm","cann","decid","class","name","state","make","radic","earli","burn","baldwin","bosch","jordan","bribe","design","cox","east","master","center","increas","rio","offic","center","sell","need","worker","shell","hinder","onc","renminbi","onc","victori","combat","tomsheck","come","tend","saint","coffeehous","see","facial","appear","dure","monday","correct","repair","call","scottish","market","born","govern","former","holdout","describ","see","owner","reduc","mockingbird","jefferson","speech","place","distanc","stream","dure","whether","program","algeria","corpor","whose","yellow","enter","hannah","birth","american","includ","red","synagogu","thought","mani","poor","system","germani","face","flew","snyder","promis","produc","back","philosoph","hit","reveal","artist","jordan","five","rde","phillip","spacecraft","captain","list"
"subway","oil","eurovis","open","reject","lodg","come","becaus","reduc","talk","effect","planet","christoph","congreg","includ","suprem","painter","issu","commit","size","foreign","smoke","track","financ","organ","cotton","convent","agenc","alli","phantom","watch","liu","ago","led","northern","cacer","begin","emphas","high","hood","imag","hamzah","london","three","taken","hastert","bicycl","oper","anti","origin","cultur","himalayan","second","cristina","name","tech","super","coca","status","era","feedback","broker","nyquist","full","abil","without","lawmak","forc","salari","teenag","food","machin","also","bisexu","solo","don","end","diari","better","creat","practic","trust","leaf","reproduct","unit","local","first","industri","view","volunt","japan","shoot","natur","player","stanley","wenn","tuesday","beam","nation","vintag"
"link","also","center","make","battl","card","eye","member","invest","extremist","spread","flood","hannigan","first","sign","month","view","rival","dure","bathroom","itali","system","anti","manhattan","lab","finch","winner","warhead","near","samurai","see","affair","half","jame","least","texan","stay","return","print","time","audienc","massag","bring","place","scene","indict","tesla","hold","thursday","tradit","brother","cojocaru","feder","ethnic","austen","email","talent","drop","feig","asian","polici","afford","owner","songwrit","come","case","agenc","home","move","grew","fossil","mainstream","king","bulli","led","just","struck","intellectu","love","advertis","classroom","panamanian","walgreen","talk","morn","children","last","compar","suggest","month","struck","baselworld","long","sunday","just","del","build","land","fishermen","winemak"
"salah","call","ceremoni","adapt","agre","hilton","great","feder","econom","back","nerv","cut","mail","visit","benjamin","public","abstract","mason","nato","marbl","agenc","well","microcephali","polit","survey","pig","three","power","truce","stolen","saw","base","long","pointer","nigeria","dalla","week","rifl","now","arriv","snapchat","powder","elli","sign","thursday","two","seat","potenti","world","dine","diplomat","taj","four","hunger","pictur","person","bennett","fetus","general","men","gun","plan","bekel","festiv","train","good","violat","shabab","plant","went","ago","prompos","realiti","homosexu","made","tri","onli","han","ani","ventur","scholarship","share","much","promot","rout","everi","two","close","clinton","numer","destroy","rare","featur","won","center","evelyn","hous","physicist","sayyaf","blanc"
"carri","just","extravaganza","look","one","coupl","dark","account","privat","death","die","decad","reflect","bless","moham","michel","fine","corrupt","end","style","saturday","may","can","former","idea","rural","campaign","first","violenc","strive","littl","chairman","rural","back","near","friday","near","convey","garment","kane","week","cover","king","statement","baltimor","testifi","rout","director","parliament","close","direct","tourist","associ","kampala","american","code","will","utah","mai","social","street","sold","competit","whose","cancer","see","action","monday","cut","man","eagl","adult","dead","nanci","offer","ask","back","communism","big","tech","get","foreign","defeat","singl","mustafa","danger","pro","remain","think","rosenth","region","hawn","garden","putt","one","hlte","jame","ani","filipino","brandon"
"novemb","way","statement","fan","question","ship","long","two","increas","saturday","respond","cost","dershowitz","divorc","golan","state","materi","kaminski","support","featur","help","get","defect","candid","increas","vertic","repres","sinc","town","waplington","can","wen","thousand","championship","battl","hand","upper","creat","spring","supervisor","promot","oil","first","futur","offici","six","capit","group","post","italian","dissid","bali","star","accompani","editor","version","move","hormon","singlish","today","voter","rental","leg","made","answer","possibl","effect","mandat","incom","younger","grow","solomon","jane","communiti","quartet","five","day","given","year","firm","need","hide","fiddl","status","secur","school","freedom","spend","last","stone","rain","itsin","live","dure","lightn","ihn","improv","year","fleet","pinot"
"train","tabl","given","shot","reason","gift","live","lawyer","annual","dhaka","test","frack","distributor","friday","well","budget","may","statewid","issu","level","rout","tobacco","meldonium","develop","long","dri","big","success","air","yoshitsun","insid","intern","urban","syracus","sinc","miguel","updat","javier","pari","jose","event","restor","lead","prepar","stop","three","cost","one","friday","sip","first","festiv","premier","anniversari","death","click","lotteri","burn","azeri","stori","hate","five","anoth","stage","also","recent","organ","rwanda","thousand","dure","pigeon","one","break","fleischer","york","recal","harvey","mark","person","offic","success","hold","report","come","march","materi","forc","incom","vote","fix","flame","wrist","drive","ahead","panther","sind","fix","possibl","ice","riesl"
"apart","plate","three","turn","stand","daili","describ","review","bankruptci","ani","attack","ice","jab","italian","demonstr","effort","two","john","aid","look","athen","receiv","pregnanc","run","may","differ","area","fire","border","ephron","friend","oversea","develop","best","carri","nieto","late","coca","blue","push","gawker","wash","ben","major","local","tri","hour","treasuri","mark","east","spanish","penner","set","fistula","man","tap","run","fit","kline","becam","pace","year","minut","vocal","thing","effect","repres","diplomat","lost","move","threaten","pipe","second","open","musician","center","sinc","tradit","doe","part","one","invest","various","pornographi","main","contain","leadership","per","ohio","headlin","toll","lazzarato","jersey","ball","washington","zur","ind","dot","foreign","white"
"raid","well","one","box","major","everest","never","declin","island","sheikh","promis","sea","multipl","must","close","process","earli","pass","polit","pool","author","american","bottl","michael","relat","chemic","lose","januari","northern","pamela","minut","yang","cultur","thunder","report","don","north","endur","outfit","addit","talk","punch","present","march","gray","count","use","chairman","view","cuisin","allow","day","injuri","elliott","text","engin","potenti","induc","rais","jackson","tip","also","old","hall","offer","term","doe","known","new","onli","bone","root","colbert","also","string","former","year","believ","give","world","presid","deal","blood","wrote","norway","river","foreign","share","posit","veri","sever","chronograph","danc","eight","wing","asylsuchend","florida","project","long","cabernet"
"report","fill","rss","camera","judiciari","group","sound","wrote","may","bosnia","small","set","stand","peter","hand","worst","sold","serv","made","stone","hundr","infect","lab","inquiri","field","cultiv","new","foreign","base","peralta","name","demand","past","kerr","control","guerrero","twitter","especi","top","bart","direct","spot","book","final","violent","four","lyft","includ","want","boutiqu","america","sikh","nadal","swamp","list","realiti","former","week","annabell","segreg","latest","center","ever","label","understand","thing","access","must","higher","left","breed","stoner","michael","canvass","conductor","first","fan","came","day","manag","among","island","compens","card","second","fall","presidenti","billion","speaker","give","friday","frame","photograph","tournament","star","bei","jean","see","coral","label"
"use","add","april","new","brought","per","natur","sent","also","bosnian","becaus","earth","bonus","theolog","month","speaker","part","aid","must","sit","now","prescrib","link","commission","pattern","resist","florida","nation","bashar","staci","crowd","diplomat","use","fan","number","nez","news","juwan","one","californian","anyon","fight","onstag","bring","tri","becaus","pickup","contract","lead","grand","busi","author","djokov","togeth","live","mani","general","weigh","daniel","frank","via","side","chip","hop","take","hard","citizen","peopl","tariff","befor","eye","wake","origin","measur","singer","seen","royal","ceremoni","life","much","english","ani","euro","sexist","explos","five","group","cut","interview","april","monday","identifi","cultur","tee","start","erz","uzbekistan","solar","week","varieti"
"molenbeek","may","hay","action","nomin","privat","line","charg","deal","milit","marrow","fossil","jacobson","sin","relat","leader","seri","work","concern","steel","monday","emerg","public","koch","accord","acr","strong","media","region","stacker","place","local","histori","saturday","haram","guatemala","transit","robert","special","tisch","million","without","stephen","anoth","wound","incarcer","safe","led","told","favorit","decad","diamond","ball","cattl","hero","text","line","american","enemi","wrote","vote","bought","florida","collabor","talk","view","without","term","workplac","care","insect","zarifeh","handler","corpor","dure","number","cub","fri","still","month","princip","organ","intent","thompson","airbus","prevent","demand","lost","week","name","move","recogn","collect","fairway","back","scholz","municip","form","southeast","corbett"
"plot","potato","artsbeat","run","defend","surf","see","deni","project","leader","target","pipelin","recent","doctrin","condemn","remov","around","howe","relat","top","march","live","wada","plan","known","soil","place","fourth","airstrik","trigger","stand","leader","just","leagu","special","manuel","weather","reach","hous","ace","outlet","cheek","year","reach","tuesday","told","save","percent","argu","mix","barack","goe","back","central","volum","creat","pro","contain","essenti","deep","advis","tower","saturday","part","experi","number","can","civilian","famili","know","pine","concentr","larri","gov","form","abl","sox","mani","idea","help","first","reveal","asid","brothel","delay","sourc","human","currenc","marco","violenc","compani","icon","histori","good","onli","ter","unlimit","pluto","zealand","three"
"men","soup","gross","academi","fight","attract","form","committe","bond","million","bodi","resourc","speaker","chang","media","top","organ","effect","intellig","creat","open","die","antidop","mose","say","need","presidenti","advanc","sinc","conner","outsid","ren","outsid","villanova","boko","author","altern","theme","idea","bever","profil","jack","patrick","hold","fatal","penalti","addit","banker","left","manhattan","exil","mallya","well","dirti","edit","updat","tunsil","veget","expand","dure","critic","includ","louisvill","version","new","everi","will","johannesburg","boss","wrote","captiv","maya","moment","assembl","style","see","starter","reactionari","actual","partner","higher","evas","involv","empower","cancel","emerg","offic","barrel","critic","take","product","odeon","john","top","best","vor","wash","event","japan","noir"
"believ","even","name","writer","side","activ","heart","respons","file","part","prostat","increas","canada","receiv","stab","decis","portrait","percoco","carter","decor","million","heroin","laboratori","spent","social","rice","includ","outsid","countri","enough","small","abroad","acr","open","recent","carlo","april","clarridg","base","steve","relat","mask","scene","chang","four","life","lane","cash","netherland","run","ladi","nepales","becaus","gambela","york","month","star","lifestyl","formosa","liber","lead","block","boston","piano","journey","certain","alreadi","fail","find","surviv","spring","platform","morn","bar","note","taken","strike","auschwitz","mayb","use","math","revel","manufactur","univers","accid","hazard","fail","domest","stop","sunday","wednesday","patek","public","seven","divis","graf","texa","across","pole","whiski"
"day","red","mark","paul","liber","along","particular","evid","provid","support","receiv","alreadi","chariti","berrigan","statement","prosecutor","among","push","continu","front","critic","medicaid","medal","staff","mani","set","process","submarin","ukrainian","gate","got","although","known","green","border","right","lower","favreau","chanel","suit","founder","oppon","seen","fall","law","imprison","pull","worth","first","sell","caribbean","prime","career","mediat","whi","move","anoth","tissu","meg","life","tuesday","feet","olymp","member","soon","don","onli","wednesday","decad","marriag","earth","remark","guest","letter","featur","think","syndergaard","began","find","analyst","taught","close","sinc","age","dubai","result","accus","accord","person","import","dead","unveil","fairfield","victori","tie","une","ala","alien","baalsrud","structur"
"oper","leav","intern","shoot","thoma","avail","light","part","card","extrem","usual","ton","goldman","societi","east","minist","make","base","speech","outdoor","euro","chronic","carri","chang","base","supermarket","regist","resolut","tuesday","gentlemen","face","jia","histor","finish","day","tex","avenu","grant","tie","trauss","web","doc","ann","need","member","law","million","public","immigr","three","econom","desai","concuss","rais","pride","find","commission","cola","quang","hispan","updat","residenti","cross","spotifi","found","consid","servic","conflict","opportun","adult","feed","thc","hour","person","four","differ","just","eastern","friend","money","privat","politician","devic","code","region","metal","lawmak","show","will","follow","help","daytona","singer","friday","past","dan","ariz","storm","rescu","eli"
"confirm","sandwich","anniversari","superman","conserv","check","part","spokesman","time","ministri","normal","new","johnni","archbishop","sunday","also","item","cuni","threat","part","near","disord","confirm","limit","analysi","gina","educ","new","vladimir","headston","run","spread","field","five","led","austin","path","kipl","alway","anni","mike","robin","celebr","five","identifi","wit","chrysler","make","bori","space","ever","high","victori","simon","love","want","free","muscl","schultz","immigr","newslett","famili","pass","want","various","work","committe","jacob","area","bodi","found","equal","interview","schill","instrument","take","wright","kill","mean","say","score","presid","rig","martinez","commerci","respons","run","dollar","texa","ask","blaze","extrem","day","sinc","seven","rechberg","louisiana","einstein","along","napa"
"known","whole","receiv","real","becaus","reserv","perhap","respond","creditor","capit","say","well","paulson","cardin","fattah","includ","whose","posit","minist","materi","davutoglu","one","sinc","direct","identifi","alreadi","expect","march","armi","iowa","know","freedom","counti","sunday","respons","cross","els","marxist","cut","columbia","stream","rope","richard","follow","face","detent","front","buy","free","well","defect","princ","also","baez","great","type","eagl","overweight","yerevan","nativ","focus","four","name","career","food","issu","take","neighbor","made","knew","leopard","form","alicia","opposit","philharmon","late","night","matzo","everi","model","depart","detail","sport","soror","ground","toxic","held","intern","tuesday","brook","wildfir","baca","old","best","also","wurd","tenn","ligo","expedit","northern"
"muslim","order","perform","watch","million","park","voic","person","poor","iranian","stage","miner","real","communiti","palestin","recess","figur","serraj","barack","terrac","flee","offer","befor","activ","behavior","glyphos","west","site","fighter","looter","tri","million","help","knick","train","english","commut","rap","fit","lewi","broadcast","tone","written","soon","use","drug","equip","insur","econom","seat","offici","asian","field","grown","press","san","contract","biggest","affair","convers","question","board","lap","featur","person","fact","concern","victim","posit","coupl","world","hundr","david","correspond","david","turn","joe","abe","chang","expand","nation","network","liter","femin","wind","filter","hold","cent","attack","famili","heavi","bayrock","colleg","kang","line","ort","tulli","technolog","four","one"
"capit","home","wide","big","disput","spend","almost","found","less","secular","begin","accord","robert","chapel","islamist","eduardo","now","capitol","discuss","much","across","cost","protect","municip","measur","groceri","becaus","impos","strike","obvious","make","call","valley","star","territori","latin","effect","recruit","runway","manson","trend","eyebrow","number","current","carri","transfer","fiat","pay","suggest","style","sala","happi","grand","lover","prose","includ","expect","toxin","breakaway","poor","firstdraftnytimescom","lower","pharoah","recent","news","system","ani","katumbi","better","leav","willerslev","nonetheless","jimmi","deal","taylor","around","sixth","decad","someon","high","charter","scandal","produc","safe","agenc","manag","seat","meet","christi","written","kilomet","hase","hill","miss","bay","werden","conn","enough","defens","top"
"bakraoui","tomato","competit","product","ani","walk","cultur","relat","default","conflict","rare","effici","slash","sunday","recent","dure","artwork","forc","weapon","metal","flow","also","field","advoc","part","kosher","south","council","news","pad","three","lama","larg","trail","three","ram","get","sneak","vintag","sacramento","view","loew","ticket","onli","weapon","guard","swipe","bid","debat","bottl","santo","mahal","beat","mock","favorit","messag","foot","fewer","caucasus","equal","nomin","around","compet","name","discuss","look","advoc","minurso","servic","mom","ape","allig","made","jenner","differ","execut","won","end","question","small","four","fund","corp","traffick","eight","mich","wing","slow","indiana","must","explos","backdrop","admiss","titl","lost","ander","dalla","exist","dock","especi"
"week","mix","part","high","litig","year","mean","concern","estim","rahman","aggress","util","anyth","attend","thursday","feder","origin","sheldon","import","around","also","procedur","sochi","major","among","pound","accord","saturday","aid","polli","along","fraud","tree","jackson","back","sunday","guid","dismantl","costum","temporari","reach","acid","follow","sever","woman","sinc","fare","earn","within","popular","younger","practic","minut","pollack","known","file","back","associ","demetracopoulo","edward","rais","condominium","sub","paul","friend","particular","civil","seneg","agreement","now","snake","bud","becom","progress","festiv","anoth","fifth","histor","guy","onlin","achiev","newspap","still","walter","four","per","decad","estim","romney","guid","one","cole","present","tie","florida","asylsuchenden","main","galaxi","kidnap","express"
"least","oliv","young","thriller","monday","though","less","provid","system","hand","esther","west","around","organ","told","largest","depict","support","summit","modern","govern","rate","gold","restrict","inform","free","five","ministri","humanitarian","upsid","last","kenya","also","onli","kabul","diego","spring","eisner","jewel","whose","engag","belli","michael","date","told","men","first","portfolio","bust","chain","dure","southern","qualifi","summon","centuri","instal","led","daili","departur","legaci","find","downtown","late","sang","read","given","creat","shafi","train","even","ancestor","curious","loui","welcom","balanchin","accord","got","join","call","store","select","around","wilder","boyfriend","incid","stop","control","major","news","right","hous","drive","festiv","amateur","flyer","atilano","wis","probe","malaysian","often"
"sever","night","among","jame","trial","airbnb","sometim","use","servic","middl","oncologist","agenc","bausch","world","prime","sunday","van","westchest","critic","finish","nation","requir","ministri","larg","rang","monsanto","defeat","strike","milit","chipaumir","found","lin","locat","get","kurdish","govern","receiv","eras","com","add","cover","small","seller","process","activist","record","tunnel","combin","gibraltar","nearbi","era","centuri","compet","week","harper","turn","injuri","habit","enclav","georg","ask","lot","posit","studio","surfac","rather","decis","organ","immigr","decad","duck","decrimin","advertis","certif","time","place","eight","orthodox","sure","made","receiv","bangladesh","although","pay","safeti","control","polici","standard","group","america","mani","gestur","donat","rank","right","gegen","atlanta","graviti","voyag","alcohol"
"neighborhood","delici","week","angel","dismiss","come","present","conduct","say","respons","diagnos","dioxid","behalf","centuri","red","leftist","will","arriv","two","work","visit","afford","competit","district","make","varieti","percentag","appear","monday","consist","never","central","visitor","free","spokesman","accompani","brief","highlight","hand","inglewood","mark","barton","comedi","previous","statement","assault","licens","institut","contin","classic","restor","distract","defend","canin","recent","store","though","pack","fulton","serv","fight","manag","bob","two","relat","perhap","amend","urg","inequ","former","see","dispensari","creator","identifi","mozart","receiv","gave","born","hard","call","aid","list","approv","speak","arriv","releas","term","fall","hope","assist","accid","heuer","hous","dechambeau","career","gen","board","speed","arctic","high"
"network","pie","present","may","merrick","experi","doe","later","peopl","sanaa","face","build","controversi","farrel","territori","seek","video","outsid","role","end","free","case","fever","rechnitz","three","dole","north","drill","day","edgar","final","territori","desert","high","coalit","del","final","loos","event","back","call","cosmet","romeo","juli","week","conspiraci","brake","profit","reject","best","tour","kashmir","lost","declassifi","mari","way","touchdown","trial","sur","befor","plan","window","stabl","befor","physic","high","give","alleg","bottom","eventu","also","era","central","aid","pianist","close","stadium","whose","everyth","larg","also","data","possibl","contracept","flown","amount","sunday","continu","rival","contributor","capit","lean","sculptur","golfer","tampa","ihnen","close","atom","set","name"
"accord","pot","fall","michael","washington","spent","centuri","suggest","month","vucic","radiat","environ","counter","parish","belong","latin","found","bill","advis","bath","war","access","report","deputi","particip","environment","turnout","meet","territori","equival","door","daili","public","regular","includ","enriqu","newark","peterson","nike","barbara","across","dyson","preview","full","arm","offens","per","compens","wale","crowd","engag","seiz","level","give","plot","control","coach","bing","disappear","repres","twitter","upper","ahead","stone","stress","enough","step","help","center","member","becaus","lab","laugh","backlash","choreographi","believ","made","wartim","job","corpor","incom","legal","electr","orenstein","seven","dust","conserv","crude","also","frequent","site","nightclub","island","behind","saturday","noir","commiss","mark","minist","burgundi"
"search","white","stamp","war","term","option","alway","friday","becaus","carri","specif","goal","exclud","gestur","crackdown","member","repres","joseph","arm","fireplac","said","suffer","bodi","mark","possibl","fed","lost","arsenal","intern","exact","eye","dalai","decad","start","accord","immigr","jonathan","thousand","featur","establish","email","matt","wrote","decid","month","client","oper","larg","castl","order","now","bowl","equal","murl","prize","option","griffin","cholesterol","disput","great","win","use","five","countri","improv","especi","senat","monitor","number","attend","von","mahoney","funni","monday","saturday","meet","nation","everyon","mani","largest","opportun","resign","base","masculin","spokesman","blame","dure","week","establish","columnist","smoke","smartwatch","montclair","championship","skate","siegsdorf","friday","earlier","plaist","earlier"
"travel","cut","broadcast","marvel","herzer","properti","rather","action","contribut","tribun","kill","capac","far","symbol","press","court","visual","mcgrath","russia","tower","aid","sever","possibl","whose","associ","kive","arizona","attempt","observatori","frequenc","street","exil","lake","center","town","ndez","midtown","affili","gown","fallen","chat","arm","john","wait","communiti","appeal","hybrid","lender","influenc","tast","relationship","cambodia","sunday","repress","ladi","avail","combin","gram","diyarbakir","note","blitzer","condo","along","punk","compar","place","critic","rape","protect","recal","male","short","rate","room","chamber","decad","get","historian","best","first","accept","consortium","brand","ask","emerg","environ","ralli","loss","name","guidelin","still","subject","spring","make","goali","alg","jaffray","levin","vietnam","excel"
"plan","dri","sept","take","process","websit","doesn","describ","restructur","doha","precis","dam","karaszewski","nun","monday","alli","bronz","phase","increas","cover","lesbo","show","recent","consult","anoth","sold","caucus","came","part","godinet","sit","olympus","far","foul","general","spaniard","afternoon","align","age","nevada","hashtag","chain","success","replac","releas","plea","ignit","move","princ","visit","lui","gupta","dure","bashir","letter","button","raider","regain","gari","latino","ahead","agent","baffert","singl","gut","instead","forc","troop","cost","divorc","trap","varieti","celebr","cooper","inspir","continu","batter","mass","anyth","just","member","ownership","cover","distribut","flydubai","need","capit","februari","show","valu","author","andrew","valley","pga","net","beni","kyrgyz","spacex","area","sweet"
"involv","find","version","award","panel","best","relationship","detail","call","saleh","tini","need","lomb","respect","land","whether","whitney","wednesday","terror","tile","detent","test","rohingya","sought","similar","sometim","least","satellit","support","inclin","stop","cross","construct","top","mission","vaquita","sunday","beg","collabor","pursu","focus","correct","david","abl","show","system","keep","disclosur","sunday","partner","sign","horn","train","birth","charl","design","choic","fight","michigan","progress","april","coupl","complet","time","inbox","littl","last","year","creat","came","turtl","doerr","premier","countri","tradit","appear","bullpen","wolf","everyon","provid","number","british","date","role","search","zone","recent","interest","politician","anna","accord","anniversari","huntington","open","leagu","fragt","mortgag","alpha","countri","washington"
"extremist","garlic","recipi","old","hold","celebr","experi","day","back","genocid","appear","pollut","mckinsey","leader","near","lawmak","three","negoti","institut","main","alreadi","cover","transmit","gift","adult","word","strength","technolog","western","includ","though","yuan","grow","sinc","defens","version","among","gotti","can","rubenstein","month","fairi","mark","well","outsid","legal","problem","loan","citizen","scene","khanna","total","draw","goyn","inspir","track","consid","warn","orlando","descend","continu","elev","contend","titl","amaz","howev","debat","congoles","part","sibl","climb","drive","stream","critic","carnegi","high","ninth","guard","keep","rais","elementari","regist","effici","abus","six","radioact","form","januari","deleg","answer","southern","basel","brook","six","lundqvist","haben","washington","experi","nauru","dri"
"four","milk","cancel","hank","claus","key","style","tuesday","allow","serbian","avers","sign","poison","process","tel","chamber","wall","past","view","abov","enter","high","contain","grant","number","yield","might","short","agenc","lavish","wall","cao","southern","teammat","terrorist","iguala","bridg","turf","name","altman","began","convinc","alic","earlier","march","seven","batteri","statement","part","mani","crowd","holi","goal","orient","thoma","video","fitzpatrick","ani","twice","hous","countri","shop","canada","die","work","believ","argu","describ","shift","often","mate","emerg","special","made","concerto","near","plate","left","done","two","foundat","publish","finger","wive","take","chernobyl","speech","period","anti","civil","road","birthday","sept","drive","penalti","ihm","wednesday","float","jakarta","import"
"sinc","small","place","premier","administr","summer","tell","director","insur","two","scan","continu","second","second","transfer","pmdb","use","area","agre","project","close","day","nation","attend","understand","heath","part","claim","nusra","marian","mani","huang","abandon","beat","gen","mannatech","open","krapp","carpet","titan","communic","introduc","member","forward","assault","term","steer","take","back","modern","fathom","hyderabad","move","sworn","short","charg","philadelphia","excess","weekend","declar","event","walk","spirit","heard","share","peopl","permit","extrem","educ","known","prey","epidiolex","idol","america","section","put","seventh","tatar","made","demand","job","wife","manipul","member","train","measur","end","rais","georg","cultur","remain","debut","film","henderson","top","kein","detroit","flow","aboard","oak"
"holland","pan","dunn","wife","proceed","top","true","intern","develop","april","thousand","report","also","atheist","ben","tuesday","sothebi","power","depart","roof","friday","nation","strain","creat","dna","iowa","demograph","earlier","bomb","obligatori","show","internet","two","fourth","fire","rajoy","art","longest","vogu","venic","zuckerberg","manicur","time","earli","counti","last","take","agreement","issu","breweri","freedom","monsoon","oppon","tribe","clare","power","recruit","acid","fulli","inequ","crowd","complex","tom","video","advanc","tri","way","dujarr","member","serv","bodi","even","sitcom","let","repertori","next","dodger","republ","use","announc","cours","putin","perform","nude","wing","month","thousand","weak","lewandowski","depress","say","throughout","newark","arnold","goaltend","land","health","satellit","bay","style"
"anoth","dessert","entri","minut","ask","less","wonder","monday","fiscal","minist","protein","larg","gap","communion","newspap","figur","christi","receiv","rhode","bed","syria","expert","thousand","far","lead","livestock","class","tri","human","prevent","knew","econom","western","anthoni","pentagon","spot","traffic","mowg","french","head","daili","nake","version","back","near","part","hail","term","northern","call","report","speak","half","atroc","english","tool","took","blood","hystopia","william","point","group","base","best","sick","american","prevent","coast","less","join","dive","gale","popular","match","costum","associ","hand","western","seem","generat","grant","najib","road","pregnanc","alaska","engin","won","job","candidaci","mail","provinc","took","bronx","foot","beat","pas","mellman","seven","catch","beaujolai"
"citizen","long","final","young","favor","suggest","suggest","chief","much","arabian","abnorm","much","highlight","offer","renzi","brasilia","london","rest","side","instal","take","found","damag","influenc","genet","robert","near","defector","least","selemani","home","languag","capit","dure","southern","american","radio","trejo","laurent","houston","young","sky","script","possibl","public","hear","run","agre","churchil","pop","bring","surrogaci","chanc","breeder","think","number","went","insulin","khoi","professor","wednesday","cost","chanc","sinc","insight","happen","ensur","niger","save","back","larg","hansen","tom","cultur","tone","staff","reliev","wrote","around","unit","counselor","thursday","seinfeld","oral","divert","feder","post","improv","speech","depart","camp","breitl","draw","front","boston","pour","privert","array","guinea","cellar"
"milit","take","non","daniel","matter","ticket","age","board","addit","aden","remain","ocean","isuprel","doubt","part","decad","center","thursday","back","old","home","servic","aed","hear","theori","weed","take","deploy","lebanes","spark","close","dure","often","titl","isi","burn","watch","week","accessori","mutual","face","cataract","andrew","ani","resid","file","switch","anbang","goldsmith","want","cold","adina","made","duffi","fool","tri","bill","keep","legaci","robert","messag","near","million","soul","free","today","countri","anc","assist","remain","beetl","new","american","door","one","note","sunday","soldier","live","earli","full","cameron","sell","shame","offici","switch","resign","sector","wisconsin","manag","mine","daniel","contemporari","tough","postseason","rden","regular","blue","ransom","dens"
"among","bean","record","pictur","judgment","marriott","physic","press","due","hack","broken","also","mistak","jesuit","critic","fiscal","paper","approv","action","com","sea","visit","dengu","agenda","techniqu","biotech","larg","engin","activist","spectrum","taylor","tuesday","bridg","got","syria","pena","wolf","worth","industri","ronald","app","cur","bateman","releas","respons","feloni","typic","regulatori","ukrain","gin","lift","oli","best","freed","print","account","befor","control","mekong","took","young","high","field","club","screen","keep","american","arm","carrier","childhood","squirrel","plain","just","inclus","return","can","guy","berg","also","research","sat","virgin","wednesday","profess","rostov","last","main","overal","effort","andrew","communiti","date","place","age","dure","ten","independ","elon","east","herb"
"left","morn","show","perform","texa","access","express","attorney","deficit","abdullah","healthi","come","aggress","social","initi","crime","mani","heasti","need","half","intern","symptom","women","lift","analyz","various","michigan","held","hostil","tao","felt","sent","way","histori","shiit","place","hudson","don","custom","creat","everyon","elast","father","complet","district","sever","improv","risk","osborn","pizza","rodriguez","ramdev","earn","hector","adapt","need","made","despit","patriot","origin","facebook","bath","sinc","hear","journalist","idea","provis","kabila","contractor","rememb","winter","steer","station","men","world","chang","friday","caus","might","valu","low","industri","environment","jennif","hub","concern","remain","strong","repres","collin","servic","eric","broadway","willett","shark","una","kyrgyzstan","engin","held","indic"
"recruit","spring","beast","involv","settl","cancel","place","inquiri","offer","bangladeshi","lump","plan","congress","academi","sinai","deni","import","medicaid","john","line","sinc","facil","clean","sever","caus","breed","superdeleg","ahead","monitor","vigor","thought","crackdown","north","averag","abu","river","across","feud","gucci","drew","interact","remov","befor","ahead","injur","later","light","crisi","treati","special","sit","sirisena","next","mccallist","random","note","name","carbohydr","remark","front","hold","door","enough","rapper","quiz","part","prohibit","local","hard","apart","environ","deem","america","queer","debut","behind","runner","concentr","interest","network","train","show","instal","educ","luggag","depart","establish","good","strategist","poor","hour","high","folk","match","record","chtling","locat","entir","reach","perfum"
"laachraoui","sugar","finalist","world","brief","club","subject","order","collect","alli","mediv","billion","connect","episcop","aviv","oppon","inspir","arm","make","shape","fear","associ","expert","event","less","chobani","chanc","joint","told","bushwick","across","han","ground","career","one","bullfight","attend","meant","love","fiona","activ","amateur","popular","arriv","teenag","row","washington","transfer","voter","small","stay","spi","stand","ndez","littl","featur","sixth","cleans","singleton","inspir","general","half","perhap","come","flu","cours","appli","southern","poor","rais","biologist","hope","jon","activist","thursday","speak","tuesday","danger","first","share","common","financ","promis","apolog","offer","garbag","warn","poor","fight","question","agenc","sater","life","jenner","red","kollmay","medium","hawk","wind","robert"
"home","heat","tell","georg","repres","high","tale","possibl","total","hadi","colon","construct","hepat","exhort","morsi","economi","recent","busi","allianc","properti","protect","train","liberia","peter","team","dannon","mani","activ","friday","cassara","put","zedong","monument","seven","sever","extradit","john","miner","pattern","hold","attract","cleaner","psycho","januari","wednesday","nine","fuel","bet","warn","smoke","brewster","thaksin","posit","pit","made","web","five","dieter","southern","poverti","will","now","previous","drake","creepi","matter","control","step","sinc","without","scientist","leari","michell","belief","contemporari","attend","fastbal","english","ever","peopl","fall","journalist","penalti","feminin","attempt","effect","issu","largest","congression","essay","die","scale","bay","thursday","ryan","oft","raymond","rock","abu","barbera"
"saturday","ice","academi","interview","object","adventur","old","came","face","cleric","doctor","water","herald","gospel","reject","put","see","faction","use","brick","smuggler","onli","releas","along","factor","insid","just","base","end","chanda","open","citizen","away","nation","countri","jose","levin","minor","old","lord","known","curl","spring","addit","anoth","wednesday","toyota","file","english","copenhagen","ortega","ancient","round","put","smith","custom","lineback","digest","vlad","fact","big","renov","break","call","day","suggest","illeg","french","half","met","zoo","psychedel","mike","boycott","metropolitan","set","best","hungari","part","top","hire","chik","europ","dress","hold","expos","militari","trend","recent","free","shut","switzerland","weekend","adam","got","stammtisch","zanzibar","shape","papua","blend"
"blew","get","releas","project","john","allow","familiar","execut","accord","foreign","sanofi","air","howard","patriarch","jew","elect","focus","gambl","govern","made","citizen","therapi","suspend","union","conduct","poultri","pledg","polici","captur","debelli","pass","critic","last","head","extremist","region","summer","motorcycl","pant","wiener","privat","damag","harri","delay","accord","counti","merced","return","hold","featur","system","bollywood","end","sheep","steven","locat","bear","mortal","aliyev","ground","comment","associ","carl","chart","studi","power","plan","pierr","measur","tell","name","stephen","return","prejudic","rehears","telephon","lineup","seven","new","employe","scienc","crimin","small","encount","condit","industri","intern","japan","chairman","along","continu","around","washington","iron","loui","auch","abl","carri","three","calif"
"threat","season","whose","famous","made","sherpa","note","associ","poverti","civil","skin","centuri","least","practic","demand","luiz","met","special","relationship","panel","prime","birth","million","caro","potenti","quaker","third","sung","last","graveston","second","return","mine","third","hit","along","road","name","uniform","captiv","host","fit","theatric","discuss","sever","courtroom","defect","secur","great","corner","detent","junta","kick","trip","hemingway","start","franchis","show","corpor","place","call","villag","faster","fame","heart","alreadi","standard","rwandan","laid","share","spot","cultiv","robert","earlier","full","name","also","taken","togeth","grow","three","creat","boi","suffer","due","affect","pressur","biggest","mani","comment","highway","brush","connecticut","competit","john","como","auction","within","clear","cape"
